1 économique 525.00 3 visite croisière randonnée |
3 moyen 950.00 3 visite gastronomie shopping |
5 moyen 700.00 3 randonnée visite gastronomie |
1 deluxe 1162.5 0 |
1 économique 262.5 0 |
5 moyen 400 0 |
5 moyen 700 3 randonnée visite gastronomie |
3 moyen 950.00 0 |
6 moyen 1000.00 0 |
4 moyen 1000 3 excurssion randonnée visite |
1 deluxe 2043.75 3 visite gastronomie gastronomie |
1 économique 562.5 3 visite gastronomie gastronomie |
1 économique 562.5 3 visite croisière randonnée |
1 deluxe 1743.75 0 |
1 deluxe 1262.5 1 randonnée |
